"Programa de Governo"|"Ação"|"Órgão Responsável"|"Quanto foi previsto"|"Quanto já foi realizado <br>(Empenhado ou Pago)"
"Fortalecimento da Atencao Primaria a Saude"|"Acoes de Assistencia - Urgencia e Emergencia Fixa"|"Secr.da Saude"|1097211.93|324633.26
"Fortalecimento da Atencao Primaria a Saude"|"Acoes de Assistencia - Urgencia e Emergencia Movel"|"Secr.da Saude"|1194088.00|1053496.58
"Fortalecimento da Atencao Primaria a Saude"|"Acoes de Assistencia a Atencao Basica"|"Secr.da Saude"|37220855.94|37138823.55
"Fortalecimento da Atencao Primaria a Saude"|"Acoes de Assistencia a Atencao Basica"|"Secr.da Saude"|1203621.73|789015.29
"Fortalecimento da Atencao Primaria a Saude"|"Acoes de Assistencia a Atencao Domiciliar"|"Secr.da Saude"|1549258.53|1548308.53
"Fortalecimento da Atencao Primaria a Saude"|"Acoes de Assistencia a Saude - Apoio a Diagnostico"|"Secr.da Saude"|124099.22|124099.22
"Fortalecimento da Atencao Primaria a Saude"|"Acoes de Assistencia a Saude - Especialidades"|"Secr.da Saude"|45928.00|45925.22
"Fortalecimento da Atencao Primaria a Saude"|"Acoes de Assistencia a Saude da Familia"|"Secr.da Saude"|1184518.81|1184518.81
"Fortalecimento da Atencao Primaria a Saude"|"Acoes de Assistencia a Saude Mental"|"Secr.da Saude"|1943000.00|1295647.33
"Fortalecimento da Atencao Primaria a Saude"|"Acoes de Assistencia a Saude Odontologica"|"Secr.da Saude"|132000.00|132000.00
"Fortalecimento da Atencao Primaria a Saude"|"Acoes de Assistencia Farmaceutica"|"Secr.da Saude"|8644664.87|8227081.81
"Fortalecimento da Atencao Primaria a Saude"|"Acoes de Saude do Trabalhador"|"Secr.da Saude"|333550.07|333550.07
"Fortalecimento da Atencao Primaria a Saude"|"Acoes de Vigilancia em Saude"|"Secr.da Saude"|6263919.11|5757478.49
"Fortalecimento da Atencao Primaria a Saude"|"Agentes Comunitarios de Saude - Acs"|"Secr.da Saude"|737713.31|737265.18
"Fortalecimento da Atencao Primaria a Saude"|"Atencao Basica Estadual"|"Secr.da Saude"|1966037.00|1965923.95
"Fortalecimento da Atencao Primaria a Saude"|"Centro de Controle de Zoonoses"|"Secr.da Saude"|280167.00|280122.31
"Fortalecimento da Atencao Primaria a Saude"|"Centro de Controle de Zoonoses"|"Secr.da Saude"|95850.00|33516.00
"Fortalecimento da Atencao Primaria a Saude"|"Ceo - Centro de Especialidades Odontologicas - Mun Icipal"|"Secr.da Saude"|179868.33|179868.33
"Fortalecimento da Atencao Primaria a Saude"|"Dose Certa"|"Secr.da Saude"|914629.00|886150.48
"Fortalecimento da Atencao Primaria a Saude"|"Emenda 014 Pl Loa 2017"|"Secr.da Saude"|439775.00|344393.36
"Fortalecimento da Atencao Primaria a Saude"|"Emenda 018 Pl Loa 2016"|"Secr.da Saude"|80000.00|80000.00
"Fortalecimento da Atencao Primaria a Saude"|"Emenda 019 Pl Loa 2016"|"Secr.da Saude"|100000.00|100000.00
"Fortalecimento da Atencao Primaria a Saude"|"Emenda 022 Pl Loa 2016"|"Secr.da Saude"|100000.00|100000.00
"Fortalecimento da Atencao Primaria a Saude"|"Emenda 067 Pl Loa 2017"|"Secr.da Saude"|100000.00|45931.69
"Fortalecimento da Atencao Primaria a Saude"|"Emenda 068 Pl Loa 2017"|"Secr.da Saude"|239775.00|28948.67
"Fortalecimento da Atencao Primaria a Saude"|"Emenda 069 Pl Loa 2017"|"Secr.da Saude"|150000.00|150000.00
"Fortalecimento da Atencao Primaria a Saude"|"Emenda 078 Pl Loa 2017"|"Secr.da Saude"|320775.00|49793.13
"Fortalecimento da Atencao Primaria a Saude"|"Emenda 114 Pl Loa 2016"|"Secr.da Saude"|255189.15|255189.15
"Fortalecimento da Atencao Primaria a Saude"|"Emenda 126 Pl Loa 2017"|"Secr.da Saude"|289000.00|34897.66
"Fortalecimento da Atencao Primaria a Saude"|"Emenda 138 Pl Loa 2016"|"Secr.da Saude"|180000.00|180000.00
"Fortalecimento da Atencao Primaria a Saude"|"Emenda 139 Pl Loa 2016"|"Secr.da Saude"|90000.00|90000.00
"Fortalecimento da Atencao Primaria a Saude"|"Emenda 140 Pl Loa 2016"|"Secr.da Saude"|180000.00|180000.00
"Fortalecimento da Atencao Primaria a Saude"|"Emenda 153 Pl Loa 2016"|"Secr.da Saude"|135000.00|135000.00
"Fortalecimento da Atencao Primaria a Saude"|"Emenda 206 Pl Loa 2016"|"Secr.da Saude"|150000.00|150000.00
"Fortalecimento da Atencao Primaria a Saude"|"Emenda 221 Pl Loa 2016"|"Secr.da Saude"|120000.00|120000.00
"Fortalecimento da Atencao Primaria a Saude"|"Emenda 229 Pl Loa 2016"|"Secr.da Saude"|400000.00|400000.00
"Fortalecimento da Atencao Primaria a Saude"|"Emenda 230 Pl Loa 2016"|"Secr.da Saude"|150000.00|150000.00
"Fortalecimento da Atencao Primaria a Saude"|"Emenda 231 Pl Loa 2016"|"Secr.da Saude"|300000.00|300000.00
"Fortalecimento da Atencao Primaria a Saude"|"Emenda 260 Pl Loa 2016"|"Secr.da Saude"|150000.00|150000.00
"Fortalecimento da Atencao Primaria a Saude"|"Emenda 292 Pl Loa 2016"|"Secr.da Saude"|350000.00|350000.00
"Fortalecimento da Atencao Primaria a Saude"|"Emenda 294 Pl Loa 2016"|"Secr.da Saude"|352500.00|352500.00
"Fortalecimento da Atencao Primaria a Saude"|"Emenda 295 Pl Loa 2016"|"Secr.da Saude"|100000.00|100000.00
"Fortalecimento da Atencao Primaria a Saude"|"Emenda 296 Pl Loa 2016"|"Secr.da Saude"|100000.00|100000.00
"Fortalecimento da Atencao Primaria a Saude"|"Faec Aih - Transplantes de Orgaos, Tecidos e Celul as"|"Secr.da Saude"|1872010.33|1244852.86
"Fortalecimento da Atencao Primaria a Saude"|"Faec Sia - Mamografia para Rastreamento (rca-rcan Po 0008)"|"Secr.da Saude"|133995.00|98895.00
"Fortalecimento da Atencao Primaria a Saude"|"Faec Sia - Sistema de Frequencia Modulada Pessoal - Fm"|"Secr.da Saude"|378000.00|378000.00
"Fortalecimento da Atencao Primaria a Saude"|"Faec Sia - Transplantes de Orgaos Tecidos e Celula"|"Secr.da Saude"|1076999.00|1076997.42
"Fortalecimento da Atencao Primaria a Saude"|"Glicemia"|"Secr.da Saude"|258477.00|209396.00
"Fortalecimento da Atencao Primaria a Saude"|"Inc.as Acoes de Vig.prev  e Cont das Dst/aids e He Patite Virais (pvvs)"|"Secr.da Saude"|711354.00|543674.04
"Fortalecimento da Atencao Primaria a Saude"|"Inc.para Implant.e Manut.acoes Serv.public.estrat. de Vig.(pvvs)"|"Secr.da Saude"|9820.00|733.32
"Fortalecimento da Atencao Primaria a Saude"|"Modernizacao e Manutencao da Gestao"|"Secr.da Saude"|726332285.83|712276758.46
"Fortalecimento da Atencao Primaria a Saude"|"Pab Fixo"|"Secr.da Saude"|14191967.29|13100619.31
"Fortalecimento da Atencao Primaria a Saude"|"Piso Fixo de Vigilancia em Saude ( Pfvs)"|"Secr.da Saude"|2445932.40|1570426.73
"Fortalecimento da Atencao Primaria a Saude"|"Piso Fixo de Vigilancia Sanitaria - Parte Anvisa"|"Secr.da Saude"|21706.40|17052.80
"Fortalecimento da Atencao Primaria a Saude"|"Piso Fixo de Vigilancia Sanitaria - Parte Fns"|"Secr.da Saude"|12435.20|12432.94
"Fortalecimento da Atencao Primaria a Saude"|"Programa de Assistencia Farmaceutica Basica"|"Secr.da Saude"|3054320.00|2829495.52
"Fortalecimento da Atencao Primaria a Saude"|"Programa Melhoria do Acesso e da Qualidade - Pmaq (rab-pmaq-sm)"|"Secr.da Saude"|104490.00|43187.00
"Fortalecimento da Atencao Primaria a Saude"|"Residencia Medica e Multiprofissional"|"Secr.da Saude"|1070798.42|1070798.37
"Fortalecimento da Atencao Primaria a Saude"|"Saude Bucal - Sb"|"Secr.da Saude"|70080.00|67602.57
"Fortalecimento da Atencao Primaria a Saude"|"Saude da Familia - Sf"|"Secr.da Saude"|5832043.00|5439167.77
"Fortalecimento da Atencao Primaria a Saude"|"Servicos de Atendimento Movel as Urgencias - Samu 192 (mac) Municipal"|"Secr.da Saude"|1046430.50|879980.33
"Fortalecimento da Atencao Primaria a Saude"|"Servicos de Atendimento Movel as Urgencias - Samu 192 (rau Samu) Municipal"|"Secr.da Saude"|159036.00|140656.06
"Fortalecimento da Atencao Primaria a Saude"|"Teto Municipal de Media e Alta Complexidade Ambula Torial e Hospitalar"|"Secr.da Saude"|63549846.23|62290513.34
"Fortalecimento da Atencao Primaria a Saude"|"Teto Municipal Melhor em Casa"|"Secr.da Saude"|24302.00|14758.70
"Fortalecimento da Atencao Primaria a Saude"|"Teto Municipal Rede Prev Diag Trat Cancer Colo de Mama (rca-rcan)"|"Secr.da Saude"|590.00|581.10
"Fortalecimento da Atencao Primaria a Saude"|"Teto Municipal Rede Psicossocial (rsm-crac)"|"Secr.da Saude"|1933173.00|1933170.40
"Fortalecimento da Atencao Primaria a Saude"|"Teto Municipal Rede Saude Mental (rsme)"|"Secr.da Saude"|8416752.73|8416039.20
"Fortalecimento da Atencao Primaria a Saude"|"Teto Municipal Rede Viver Sem Limites (rdef)"|"Secr.da Saude"|107451.00|107441.62
"Fortalecimento de Atencao a Saude"|"2107-DOSE Certa"|"Secr.da Saude"|1411606.24|1047719.95
"Fortalecimento de Atencao a Saude"|"2109-ATENCAO Basica Estadual"|"Secr.da Saude"|1987485.18|1752275.68
"Fortalecimento de Atencao a Saude"|"2113-INOVACAO e Conservacao"|"Secr.da Saude"|378688991.70|362740181.81
"Fortalecimento de Atencao a Saude"|"Agentes Comunitarios da Saude - Acs"|"Secr.da Saude"|2477705.00|2363871.62
"Fortalecimento de Atencao a Saude"|"Assist Fin Compl Aos Estados,df, Municipios para a Gentes de Combate as Endemias"|"Secr.da Saude"|4542543.65|4247827.20
"Fortalecimento de Atencao a Saude"|"Atencao a Saude da Populacao para Procedimentos no Mac"|"Secr.da Saude"|208987341.08|198788600.62
"Fortalecimento de Atencao a Saude"|"Atencao Basica Estadual"|"Secr.da Saude"|2913478.25|2029905.07
"Fortalecimento de Atencao a Saude"|"Ceo - Centro de Especialidades Odontologicas - Mun"|"Secr.da Saude"|296391.00|219681.54
"Fortalecimento de Atencao a Saude"|"Custeio de Atencao a Saude Bucal"|"Secr.da Saude"|103846.20|74325.15
"Fortalecimento de Atencao a Saude"|"Dose Certa"|"Secr.da Saude"|1704713.00|1545234.91
"Fortalecimento de Atencao a Saude"|"em 054 Loa 2019 - Custeio da Secretaria da Saude"|"Secr.da Saude"|758750.00|758750.00
"Fortalecimento de Atencao a Saude"|"em 062 Loa 2019 - Realizacao de Exames e Procedime Ntos de Retina"|"Secr.da Saude"|72500.00|72500.00
"Fortalecimento de Atencao a Saude"|"em 063 Loa 2019 - Subvencao as Entidades Que Prest Am Servicos de Atendimento de Cancer Infantil"|"Secr.da Saude"|36250.00|36250.00
"Fortalecimento de Atencao a Saude"|"em 075 Loa 2019 - Aquisicao de Medicacao para Dist Ribuicao nas Unidades de Saude"|"Secr.da Saude"|122620.00|122620.00
"Fortalecimento de Atencao a Saude"|"em 081 Loa 2019 - Reforco a Acao de Reforma e Manu Tencao de Proprios Municipais"|"Secr.da Saude"|308750.00|305356.07
"Fortalecimento de Atencao a Saude"|"em 094 Loa 2019 - Ampliacao na Unidade Basica de S Aude"|"Secr.da Saude"|119000.00|118651.67
"Fortalecimento de Atencao a Saude"|"em 096 Loa 2019 - Reforco para Entidade Cuidadora de Criancas Com Cancer"|"Secr.da Saude"|75000.00|75000.00
"Fortalecimento de Atencao a Saude"|"em 111 Loa 2019 - Custeio para Gpaci"|"Secr.da Saude"|50000.00|50000.00
"Fortalecimento de Atencao a Saude"|"em 113 Loa 2019 - Custeio para Bos"|"Secr.da Saude"|100000.00|100000.00
"Fortalecimento de Atencao a Saude"|"em 116 Loa 2019 - Reforco para Entidade Cuidadora de Crianca Com Cancer"|"Secr.da Saude"|50000.00|50000.00
"Fortalecimento de Atencao a Saude"|"em 117 Loa 2019 - Reforma e Manutencao de Proprios Municipais"|"Secr.da Saude"|203579.03|203579.02
"Fortalecimento de Atencao a Saude"|"em 118 Loa 2019 - Realizacao de Exames e Procedime Ntos de Retina"|"Secr.da Saude"|55170.97|55039.26
"Fortalecimento de Atencao a Saude"|"em 152 Loa 2019 - Reforco a Rede de Atencao Psicos Social"|"Secr.da Saude"|108750.00|108750.00
"Fortalecimento de Atencao a Saude"|"em 153 Loa 2019 - Reforco a Subvencao Hospital San Ta Lucinda"|"Secr.da Saude"|100000.00|100000.00
"Fortalecimento de Atencao a Saude"|"em 154 Loa 2019 - Reforco ao Tratamento Oncologico Infantil"|"Secr.da Saude"|200000.00|200000.00
"Fortalecimento de Atencao a Saude"|"em 170 Loa 2019 - Reforma e Manutencao de Unidades Basicas de Saude"|"Secr.da Saude"|175000.00|169148.21
"Fortalecimento de Atencao a Saude"|"em 184 Loa 2019 - Inc Atencao Saude Pop Proc Mac - Santa Casa de Misericordia de Sorocaba"|"Secr.da Saude"|500000.00|250000.00
"Fortalecimento de Atencao a Saude"|"em 187 Loa 2019 - Incr At Saude Pop Proc no Grupo Pesquisa e Assist ao Cancer Infantil Gpaci"|"Secr.da Saude"|53750.00|53750.00
"Fortalecimento de Atencao a Saude"|"em 188 Loa 2019 - Incr At Saude Pop Proced Multi - Liga Sorocabana Combate ao Cancer"|"Secr.da Saude"|50000.00|50000.00
"Fortalecimento de Atencao a Saude"|"em 189 Loa 2019 - Incr At Saude Pop Proced Mac - S Anta Casa de Misericordia de Sorocaba"|"Secr.da Saude"|300000.00|150000.00
"Fortalecimento de Atencao a Saude"|"em 190 Loa 2019 - Incr Atencao Saude Pop Procedime Ntos e Custeio Entidade Afissore"|"Secr.da Saude"|30000.00|30000.00
"Fortalecimento de Atencao a Saude"|"em 191 Loa 2019 - Incr At Saude Pop Proced Assist Social Basica Entidade Apae"|"Secr.da Saude"|30000.00|30000.00
"Fortalecimento de Atencao a Saude"|"em 192 Loa 2019 - Incr Atencao Saude Pop Proced e Invest Programa Onibus do Homem de Sorocaba"|"Secr.da Saude"|50000.00|6714.00
"Fortalecimento de Atencao a Saude"|"em 197 Loa 2019 - Incr Atencao Saude Populacao Pro Ced Banco Olhos de Sorocaba-bos, Custeio Projetos"|"Secr.da Saude"|80000.00|80000.00
"Fortalecimento de Atencao a Saude"|"em 207 Loa 2019 - Incr Atencao Saude Populacao Hos Pital Sta Lucinda Sorocaba - Unid Materno Infantil"|"Secr.da Saude"|145000.00|145000.00
"Fortalecimento de Atencao a Saude"|"em 210 Loa 2019 - Incr Atencao Saude Populacao Pro Cedimento Mac"|"Secr.da Saude"|300000.00|150000.00
"Fortalecimento de Atencao a Saude"|"em 212 Loa 2019 - Concessao Subv Ent Voltadas Aten Cao Saude Area Materno Infantil"|"Secr.da Saude"|93750.00|93750.00
"Fortalecimento de Atencao a Saude"|"em 213 Loa 2019 - Concessao Subvencao Acoes Combat e Cancer Mama"|"Secr.da Saude"|30000.00|30000.00
"Fortalecimento de Atencao a Saude"|"em 214 Loa 2019 - Concessao Subv Ent Voltadas At Saude Pac Infanto-juvenis Problemas Oncologicos"|"Secr.da Saude"|100000.00|100000.00
"Fortalecimento de Atencao a Saude"|"em 215 Loa 2019 - Conc Subv Entidades Atencao Saud e Pop Proced Cirurgicos Oftalmologicos"|"Secr.da Saude"|30000.00|30000.00
"Fortalecimento de Atencao a Saude"|"em 216 Loa 2019 - Conc Subv Ent Atuam Reabilitacao Pessoas Com Fissura Labiopalatina"|"Secr.da Saude"|30000.00|30000.00
"Fortalecimento de Atencao a Saude"|"em 236 Loa 2019 - Incr Ato Saude Pop Proced Custei o Unidade Materno-infantil Hosp Santa Lucinda"|"Secr.da Saude"|32500.00|32500.00
"Fortalecimento de Atencao a Saude"|"em 238 Loa 2019 - Incr Atencao Saude Pop Procedime Ntos Mac - Santa Casa Misericordia Sorocaba"|"Secr.da Saude"|1000000.00|500000.00
"Fortalecimento de Atencao a Saude"|"em 241 Loa 2019 - Incremento Atencao Saude Populac ao Procedimentos Custeio Entidade Gpaci"|"Secr.da Saude"|50000.00|50000.00
"Fortalecimento de Atencao a Saude"|"em 242 Loa 2019 - Reforma e Manutencao de Proprios Municipais"|"Secr.da Saude"|200000.00|200000.00
"Fortalecimento de Atencao a Saude"|"em 243 Loa 2019 - Reforco a Subvencao Hospital San Ta Lucinda"|"Secr.da Saude"|60000.00|60000.00
"Fortalecimento de Atencao a Saude"|"em 244 Loa 2019 - Incr Atencao Saude Populacao Pro Cedimentos Mac - Santa Casa Misericordia Sorocaba"|"Secr.da Saude"|172000.00|86000.00
"Fortalecimento de Atencao a Saude"|"em 246 Loa 2019 - Auxilio Entidade Atendimento Pes Soas Com Cancer"|"Secr.da Saude"|40000.00|40000.00
"Fortalecimento de Atencao a Saude"|"em 247 Loa 2019 - Incr Atencao Saude Populacao Pro Cedimentos Banco Olhos Sorocaba-bos"|"Secr.da Saude"|77000.00|77000.00
"Fortalecimento de Atencao a Saude"|"em 249 Loa 2019 - Incr Atencao Saude Pop Procedime Ntos Grupo Pesquisa Cancer Infantil-gpaci"|"Secr.da Saude"|60000.00|60000.00
"Fortalecimento de Atencao a Saude"|"em 268 Loa 2019 - Custeio Hosp Santa Lucinda"|"Secr.da Saude"|67500.00|67500.00
"Fortalecimento de Atencao a Saude"|"em 270 Loa 2019 - Incr Serv Materno Inf (uti Neona Tal) da Fund Sao Paulo-hosp. Santa Lucinda"|"Secr.da Saude"|200000.00|200000.00
"Fortalecimento de Atencao a Saude"|"em 273 Loa 2019 - Incr Atencao Saude Pop Proced no Mac-santa Casa Miseric Sorocaba"|"Secr.da Saude"|208750.00|104375.00
"Fortalecimento de Atencao a Saude"|"em 275 Loa 2019 - Reforco Acao Serv Assist Medica e Amb Espcial Area Def Aud-media Alta Complexdd"|"Secr.da Saude"|50000.00|50000.00
"Fortalecimento de Atencao a Saude"|"em 278 Loa 2019 - Reforco Ent Cuid Pessoas Com Fis Sura Labiopalatina"|"Secr.da Saude"|75000.00|75000.00
"Fortalecimento de Atencao a Saude"|"em 280 Loa 2019 - Incr Uti Neonatal Fund Sao Paulo Hosp Santa Lucinda"|"Secr.da Saude"|100000.00|100000.00
"Fortalecimento de Atencao a Saude"|"em 282 Loa 2019 - Incr Atencao Saude Pop Proced Ma C-santa Casa"|"Secr.da Saude"|300000.00|150000.00
"Fortalecimento de Atencao a Saude"|"em 283 Loa 2019 - Incr Atencao Saude Pop Proced no Gpaci"|"Secr.da Saude"|200000.00|200000.00
"Fortalecimento de Atencao a Saude"|"em 284 Loa 2019 - Incr Atencao Saude Pop Proced na Fund Sao Paulo-santa Lucinda"|"Secr.da Saude"|150000.00|150000.00
"Fortalecimento de Atencao a Saude"|"em 285 Loa 2019 - Incr. Atencao Saude Pop Proced N o Bos"|"Secr.da Saude"|150000.00|150000.00
"Fortalecimento de Atencao a Saude"|"em 286 Loa 2019 - Incr. Atencao Saude Pop Proced N a Asipeca"|"Secr.da Saude"|50000.00|50000.00
"Fortalecimento de Atencao a Saude"|"em 287 Loa 2019 - Incr Atencao Saude Pop Proced na Asipeca"|"Secr.da Saude"|50000.00|50000.00
"Fortalecimento de Atencao a Saude"|"em 294 Loa 2019 - Reforma e Manut Proprios Municip Ais"|"Secr.da Saude"|500000.00|500000.00
"Fortalecimento de Atencao a Saude"|"em 296 Loa 2019 - Conc Subv Bos Projeto Retina"|"Secr.da Saude"|50000.00|50000.00
"Fortalecimento de Atencao a Saude"|"em 300 Loa 2019 - Conc Subv Hosp Santa Lucinda Cus Teio Uti Neonatal"|"Secr.da Saude"|145225.00|145225.00
"Fortalecimento de Atencao a Saude"|"em 305 Loa 2019 - Conc Subv Gpaci"|"Secr.da Saude"|100000.00|100000.00
"Fortalecimento de Atencao a Saude"|"em 306 Loa 2019 - Conc Subv Ent Assist Pacientes C Om Diabetes"|"Secr.da Saude"|40000.00|40000.00
"Fortalecimento de Atencao a Saude"|"em 308 Loa 2019 - Conc Subv Habilit e Reabilit Pes Soas Def Fisica e Multipl Deficiencias"|"Secr.da Saude"|40000.00|40000.00
"Fortalecimento de Atencao a Saude"|"em 311 Loa 2019 - Incr Saude Pop Proced Mac-santa Casa"|"Secr.da Saude"|300000.00|150000.00
"Fortalecimento de Atencao a Saude"|"em 317 Loa 2019 - Aquisicao Equip Med e Mob Ubs Pq Sao Bento"|"Secr.da Saude"|114520.00|23636.31
"Fortalecimento de Atencao a Saude"|"em 318 Loa 2019 - Conc Subv Hosp Oft Sorocaba Bos"|"Secr.da Saude"|55000.00|55000.00
"Fortalecimento de Atencao a Saude"|"em 319 Loa 2019 - Conc Subv Assoc Fissurados"|"Secr.da Saude"|50000.00|50000.00
"Fortalecimento de Atencao a Saude"|"em 327 Loa 2019 - Conc Subv Gpaci"|"Secr.da Saude"|100000.00|100000.00
"Fortalecimento de Atencao a Saude"|"em 330 Loa 2019 - Incr Atencao Saude Popul Proced Mac-santa Casa"|"Secr.da Saude"|367230.00|183615.00
"Fortalecimento de Atencao a Saude"|"em 338 Loa 2019 - Aux Proced Dest Serv Assist Paci Entes Ostomizados"|"Secr.da Saude"|5000.00|5000.00
"Fortalecimento de Atencao a Saude"|"em 339 Loa 2019 - Incr Proced Habilit e Reabilit P Essoas Todas Idades Def Fisica e Multiplas"|"Secr.da Saude"|20000.00|20000.00
"Fortalecimento de Atencao a Saude"|"em 360 Loa 2019 - Incr Saude Pop Proced no Mac-gpa CI"|"Secr.da Saude"|30000.00|30000.00
"Fortalecimento de Atencao a Saude"|"em 361 Loa 2019 - Incr Atencao Saude Pop Proced no Mac Santa Casa"|"Secr.da Saude"|646475.00|323237.50
"Fortalecimento de Atencao a Saude"|"em 379 Loa 2019 - Incr Atencao Saude Pop Proced as Sist Social Basica"|"Secr.da Saude"|50000.00|50000.00
"Fortalecimento de Atencao a Saude"|"em 380 Loa 2019 - Incr Atencao Saude Pop Procedime Ntos Bos"|"Secr.da Saude"|50000.00|50000.00
"Fortalecimento de Atencao a Saude"|"em 381 Loa 2019 - Incr Atencao Saude Pop Hosp Sant a Lucinda"|"Secr.da Saude"|50000.00|50000.00
"Fortalecimento de Atencao a Saude"|"em 382 Loa 2019 - Incr Atencao Saude Pop Proced Gp Aci"|"Secr.da Saude"|128750.00|128750.00
"Fortalecimento de Atencao a Saude"|"em 383 Loa 2019 - Incr Atencao Saude Pop Proced Ma C-santa Casa"|"Secr.da Saude"|296475.00|148237.50
"Fortalecimento de Atencao a Saude"|"em 384 Loa 2019 - Incr Atencao Saude Pop Proced as Sist Social Basica Ent Afissore"|"Secr.da Saude"|30000.00|30000.00
"Fortalecimento de Atencao a Saude"|"em 385 Loa 2019 - Reforma e Manutencao de Proprio Municipal"|"Secr.da Saude"|100000.00|100000.00
"Fortalecimento de Atencao a Saude"|"em 386 Loa 2019 - Incr. Atencao a Saude da Pop Pro Ced. Mac Santa Casa de Misericordia"|"Secr.da Saude"|50000.00|34739.87
"Fortalecimento de Atencao a Saude"|"em 387 Loa 2019 - Concessao de Subv ao Hosp Santa Lucinda"|"Secr.da Saude"|150000.00|150000.00
"Fortalecimento de Atencao a Saude"|"em 409 Loa 2019 - Subv Social para Ent Que Atuam Com Maternidades"|"Secr.da Saude"|45000.00|45000.00
"Fortalecimento de Atencao a Saude"|"em 413 Loa 2019 - Aux para Enti Que Atuam na Asist Oncologica"|"Secr.da Saude"|100000.00|100000.00
"Fortalecimento de Atencao a Saude"|"em 416 Loa 2019 - Aux para Ent Que Atuam na Assist Oncologica"|"Secr.da Saude"|43750.00|43750.00
"Fortalecimento de Atencao a Saude"|"em 417 Loa 2019 - Reforma e Manut de Proprios Muni Cipais"|"Secr.da Saude"|250000.00|250000.00
"Fortalecimento de Atencao a Saude"|"em 418 Loa 2019 - Incr de Atenc a Saude Pop Proced no Mac Santa Casa de Misericordia"|"Secr.da Saude"|250000.00|125000.00
"Fortalecimento de Atencao a Saude"|"em 419 Loa 2019 - Aux para Ent Que Atuam no Atend Oftalmologico"|"Secr.da Saude"|70000.00|70000.00
"Fortalecimento de Atencao a Saude"|"em 425 Loa 2019 - Aquisicao de Materiais para Ubs Vila Fiori"|"Secr.da Saude"|30000.00|13518.50
"Fortalecimento de Atencao a Saude"|"em 426 Loa 2019 - Aquisicao de Materiais para Ubs Laranjeiras"|"Secr.da Saude"|20000.00|6159.94
"Fortalecimento de Atencao a Saude"|"em 428 Loa 2019 - Incr Atencao Basica Saude Popula Cao Procedimentos Mac - Santa Casa Misericoridia"|"Secr.da Saude"|263750.00|131875.00
"Fortalecimento de Atencao a Saude"|"em 430 Loa 2019 - Aquisicao Equipamentos Saude - M Esas Atend Ginecologico Pessoas Com Deficiencia"|"Secr.da Saude"|100000.00|81200.00
"Fortalecimento de Atencao a Saude"|"em 431 Loa 2019 - Aquisicao Equipamentos Saude - a Utoclave"|"Secr.da Saude"|60000.00|60000.00
"Fortalecimento de Atencao a Saude"|"em 432 Loa 2019 - Aquisicao Materiais Ubs Birro MI Neirao - Persianas e Armarios"|"Secr.da Saude"|25000.00|15049.49
"Fortalecimento de Atencao a Saude"|"em 433 Loa 2019- Incr Atencao Saude Pop Procedimen Tos Grupo Pesquisa Cancer Infantil - Gpaci"|"Secr.da Saude"|50000.00|50000.00
"Fortalecimento de Atencao a Saude"|"em 434 Loa 2019 - Promover Insercao Articulada e I Ntegrada Hosp Sta Lucinda - Rede Sus"|"Secr.da Saude"|30000.00|30000.00
"Fortalecimento de Atencao a Saude"|"em 447 Loa 2019 - Proceder Realizacao Atendimento Clinico Espec Retina-banco Olhos de Sorocaba"|"Secr.da Saude"|100000.00|100000.00
"Fortalecimento de Atencao a Saude"|"em 448 Loa 2019 - Concessao Subvencao Entidade Ate Ndimento Clinico e Cirurgico - Hosp Sta Lucinda"|"Secr.da Saude"|239000.00|239000.00
"Fortalecimento de Atencao a Saude"|"em 451 Loa 2019 - Incr Atencao Saude Pop Procedime Ntos Mac - Sta Casa Sorocaba"|"Secr.da Saude"|300000.00|150000.00
"Fortalecimento de Atencao a Saude"|"em 470 Loa 2019 - Inovacao e Conservacao"|"Secr.da Saude"|328750.00|328750.00
"Fortalecimento de Atencao a Saude"|"em 476 Loa 2019 - Invacao e Conservacao"|"Secr.da Saude"|50000.00|50000.00
"Fortalecimento de Atencao a Saude"|"em 490 Loa 2019 - Cad e Contr Inf Informacoes Ses e Unidades de Saude"|"Secr.da Saude"|183500.00|180800.00
"Fortalecimento de Atencao a Saude"|"em 492 Loa 2019 - Cad e Controle Inf Informacoes S Es e Ubs"|"Secr.da Saude"|562500.00|562500.00
"Fortalecimento de Atencao a Saude"|"em 499 Loa 2019 - Incremento Atencao Saude Pop Pro Cedimento Mac"|"Secr.da Saude"|350000.00|175000.00
"Fortalecimento de Atencao a Saude"|"Emenda 090 Pl Loa 2018"|"Secr.da Saude"|338174.00|338174.00
"Fortalecimento de Atencao a Saude"|"Emenda 092 Pl Loa 2018"|"Secr.da Saude"|200000.00|200000.00
"Fortalecimento de Atencao a Saude"|"Emenda 097 Pl Loa 2018"|"Secr.da Saude"|130000.00|104699.92
"Fortalecimento de Atencao a Saude"|"Emenda 098 Pl Loa 2018"|"Secr.da Saude"|100000.00|100000.00
"Fortalecimento de Atencao a Saude"|"Emenda 099 Pl Loa 2018"|"Secr.da Saude"|100000.00|3987.64
"Fortalecimento de Atencao a Saude"|"Emenda 100 Pl Loa 2018"|"Secr.da Saude"|50000.00|31327.20
"Fortalecimento de Atencao a Saude"|"Emenda 111 Pl Loa 2018"|"Secr.da Saude"|100000.00|100000.00
"Fortalecimento de Atencao a Saude"|"Emenda 118 Pl Loa 2018"|"Secr.da Saude"|176349.00|176349.00
"Fortalecimento de Atencao a Saude"|"Emenda 158 Pl Loa 2018"|"Secr.da Saude"|100000.00|100000.00
"Fortalecimento de Atencao a Saude"|"Emenda 162 Pl Loa 2018"|"Secr.da Saude"|100000.00|100000.00
"Fortalecimento de Atencao a Saude"|"Emenda 163 Pl Loa 2018"|"Secr.da Saude"|541079.20|541079.20
"Fortalecimento de Atencao a Saude"|"Emenda 167 Pl Loa 2018"|"Secr.da Saude"|15000.00|2679.00
"Fortalecimento de Atencao a Saude"|"Emenda 170 Pl Loa 2018"|"Secr.da Saude"|150000.00|150000.00
"Fortalecimento de Atencao a Saude"|"Emenda 171 Pl Loa 2018"|"Secr.da Saude"|50000.00|50000.00
"Fortalecimento de Atencao a Saude"|"Emenda 183 Pl Loa 2018"|"Secr.da Saude"|188174.50|188111.78
"Fortalecimento de Atencao a Saude"|"Emenda 184 Pl Loa 2018"|"Secr.da Saude"|338174.50|338174.50
"Fortalecimento de Atencao a Saude"|"Emenda 186 Pl Loa 2018"|"Secr.da Saude"|326349.00|326349.00
"Fortalecimento de Atencao a Saude"|"Emenda 188 Pl Loa 2018"|"Secr.da Saude"|100000.00|100000.00
"Fortalecimento de Atencao a Saude"|"Emenda 190 Pl Loa 2018"|"Secr.da Saude"|100000.00|100000.00
"Fortalecimento de Atencao a Saude"|"Emenda 209 Pl Loa 2018"|"Secr.da Saude"|350000.00|350000.00
"Fortalecimento de Atencao a Saude"|"Emenda 211 Pl Loa 2018"|"Secr.da Saude"|250000.00|250000.00
"Fortalecimento de Atencao a Saude"|"Emenda 212 Pl Loa 2018"|"Secr.da Saude"|100000.00|100000.00
"Fortalecimento de Atencao a Saude"|"Emenda 215 Pl Loa 2018"|"Secr.da Saude"|180000.00|180000.00
"Fortalecimento de Atencao a Saude"|"Emenda 220 Pl Loa 2018"|"Secr.da Saude"|100000.00|100000.00
"Fortalecimento de Atencao a Saude"|"Emenda 230 Pl Loa 2018"|"Secr.da Saude"|142698.00|142698.00
"Fortalecimento de Atencao a Saude"|"Emenda 256 Pl Loa 2018"|"Secr.da Saude"|426349.00|426349.00
"Fortalecimento de Atencao a Saude"|"Emenda 257 Pl Loa 2018"|"Secr.da Saude"|100000.00|100000.00
"Fortalecimento de Atencao a Saude"|"Emenda 270 Pl Loa 2018"|"Secr.da Saude"|100000.00|100000.00
"Fortalecimento de Atencao a Saude"|"Emenda 286 Pl Loa 2018"|"Secr.da Saude"|200000.00|200000.00
"Fortalecimento de Atencao a Saude"|"Emenda 287 Pl Loa 2018"|"Secr.da Saude"|476349.00|476349.00
"Fortalecimento de Atencao a Saude"|"Emenda 288 Pl Loa 2018"|"Secr.da Saude"|426349.00|426349.00
"Fortalecimento de Atencao a Saude"|"Emenda 291 Pl Loa 2018"|"Secr.da Saude"|680000.00|680000.00
"Fortalecimento de Atencao a Saude"|"Emenda 302 Pl Loa 2018"|"Secr.da Saude"|26349.00|7998.90
"Fortalecimento de Atencao a Saude"|"Emenda 303 Pl Loa 2018"|"Secr.da Saude"|150000.00|150000.00
"Fortalecimento de Atencao a Saude"|"Emenda 322 Pl Loa 2018"|"Secr.da Saude"|100000.00|19982.50
"Fortalecimento de Atencao a Saude"|"Emenda 323 Pl Loa 2018"|"Secr.da Saude"|100000.00|100000.00
"Fortalecimento de Atencao a Saude"|"Emenda 324 Pl Loa 2018"|"Secr.da Saude"|100000.00|100000.00
"Fortalecimento de Atencao a Saude"|"Emenda 341 Pl Loa 2018"|"Secr.da Saude"|250000.00|250000.00
"Fortalecimento de Atencao a Saude"|"Emenda 342 Pl Loa 2018"|"Secr.da Saude"|100000.00|100000.00
"Fortalecimento de Atencao a Saude"|"Emenda 344 Pl Loa 2018"|"Secr.da Saude"|226349.00|226349.00
"Fortalecimento de Atencao a Saude"|"Emenda 345 Pl Loa 2018"|"Secr.da Saude"|100000.00|100000.00
"Fortalecimento de Atencao a Saude"|"Faec - Transplantes de Orgaos, Tecidos e Celulas"|"Secr.da Saude"|6534131.00|5225283.21
"Fortalecimento de Atencao a Saude"|"Faec Aih - Transplantes de Orgaos, Tecidos e Celul as"|"Secr.da Saude"|5605625.62|5604812.10
"Fortalecimento de Atencao a Saude"|"Faec Sia - Mamografia para Rastreamento (rca-rcan"|"Secr.da Saude"|548880.00|548423.32
"Fortalecimento de Atencao a Saude"|"Faec Sia -TRANSPLANTES de Orgaos,tecidos e Celula"|"Secr.da Saude"|458286.20|453219.36
"Fortalecimento de Atencao a Saude"|"Glicemia"|"Secr.da Saude"|455277.00|292000.00
"Fortalecimento de Atencao a Saude"|"Inc.as Acoes de Vig.prev e Cont das Dst/aids e He Patites Virais"|"Secr.da Saude"|415333.40|199604.68
"Fortalecimento de Atencao a Saude"|"Incentivo Fin.aos Estados, Df e Municipios para VI Gilancia em Saude - Despesas Diversas"|"Secr.da Saude"|2315392.22|1606311.71
"Fortalecimento de Atencao a Saude"|"Incentivo Fin.as Acoes de Vigilancia e Prevencao e Controle das Dst/aids e Hepatites Virais"|"Secr.da Saude"|249131.00|65537.13
"Fortalecimento de Atencao a Saude"|"Inovacao e Conservacao"|"Secr.da Saude"|396493742.68|365290651.80
"Fortalecimento de Atencao a Saude"|"Pab Fixo"|"Secr.da Saude"|15828057.26|15158499.81
"Fortalecimento de Atencao a Saude"|"Piso de Atencao Basica Fixo - Pab Fixo"|"Secr.da Saude"|9477622.43|7733611.65
"Fortalecimento de Atencao a Saude"|"Piso de Atencao Basica Variavel - Pab"|"Secr.da Saude"|10600958.39|7507194.06
"Fortalecimento de Atencao a Saude"|"Piso Fixo de Vigilancia em Saude (pfvs)"|"Secr.da Saude"|3810312.47|1796487.73
"Fortalecimento de Atencao a Saude"|"Piso Fixo de Vigilancia Sanitaria - Parte Anvisa"|"Secr.da Saude"|58013.28|5415.24
"Fortalecimento de Atencao a Saude"|"Piso Fixo de Vigilancia Sanitaria - Parte Fns"|"Secr.da Saude"|166737.66|5893.33
"Fortalecimento de Atencao a Saude"|"Programa de Assistencia Farmaceutica Basica"|"Secr.da Saude"|3640844.04|3354673.10
"Fortalecimento de Atencao a Saude"|"Programa de Financiamento das Acoes de Alimentacao - Fan"|"Secr.da Saude"|64000.00|62881.38
"Fortalecimento de Atencao a Saude"|"Programa Melhoria do Acesso e da Qualidade - Pmaq"|"Secr.da Saude"|416358.70|301806.16
"Fortalecimento de Atencao a Saude"|"Promocao da Assistencia Farmaceutica e Insumos Est Rategicos na Atencao Basica em Saude"|"Secr.da Saude"|2532878.93|1812297.42
"Fortalecimento de Atencao a Saude"|"Samu 192"|"Secr.da Saude"|5860700.00|5334561.07
"Fortalecimento de Atencao a Saude"|"Saude Bucal - Sb"|"Secr.da Saude"|53520.00|53519.00
"Fortalecimento de Atencao a Saude"|"Saude da Familia - Sf"|"Secr.da Saude"|2337360.00|2174927.50
"Fortalecimento de Atencao a Saude"|"Servicos de Atendimento Movel as Urgencias - Samu"|"Secr.da Saude"|1308000.00|924632.31
"Fortalecimento de Atencao a Saude"|"Servicos de Atendimento Movel as Urgencias - Samu - Rede de Atendimento a Urgencia"|"Secr.da Saude"|1272700.00|492517.26
"Fortalecimento de Atencao a Saude"|"Teto Municipal de Media e Alta Complexidade Ambula Torial"|"Secr.da Saude"|49131186.89|48555594.38
"Fortalecimento de Atencao a Saude"|"Teto Municipal de Media e Alta Complexidade Ambula Torial - Santa Casa"|"Secr.da Saude"|88870338.51|88547393.95
"Fortalecimento de Atencao a Saude"|"Teto Municipal Melhor em Casa"|"Secr.da Saude"|810500.00|800288.93
"Fortalecimento de Atencao a Saude"|"Teto Municipal Rede Psicossocial (rsm-crac)"|"Secr.da Saude"|3193213.20|3193159.13
"Fortalecimento de Atencao a Saude"|"Teto Municipal Rede Saude Mental (rsme)"|"Secr.da Saude"|11728299.24|11640699.24
"Reestruturacao da Rede de Atencao Hospitalar"|"Contratualizacao da Rede Hospitalar"|"Secr.da Saude"|81768799.64|81764740.42
"Reestruturacao da Rede de Atencao Hospitalar"|"Emenda 272 Pl Loa 2016"|"Secr.da Saude"|225000.00|225000.00

